Workbook

Sheet INVENTARIO
A1: Código QR | B1: Medicamento / Artículo | C1: Pacto | D1: Stock contado | E1: Stock objetivo | F1: Ubicación | G1: Último recuento | H1: Estado
A2: URGG-001 | B2: acetilCISTEina 5g/25ml vl (ANTIDOTO) | C2: 5 | E2: 5
A3: URGG-002 | B3: acetilSALIcilico 100 mg comp.(ADIRO) | C3: 50 | E3: 50
A4: URGG-003 | B4: ACETILSALICILICO 150 mg caps lib prolong | C4: 20 | E4: 20
A5: URGG-004 | B5: acetilSALIcilico 500 mg comp.(ASPIRINA) | C5: 150 | E5: 150
A6: URGG-005 | B6: ACICLOVIR 3% 4,5 g pda oftalmic(ZOVIRAX) | C6: 4 | E6: 4
A7: URGG-006 | B7: ADENOSINA 30 mg vl(ADENOSCAN) | C7: 6 | E7: 6
A8: URGG-007 | B8: ADENOSINA 6 mg vl(ADENOCOR) | C8: 20 | E8: 20
A9: URGG-008 | B9: ADRENALINA 1 mg jer precg | C9: 10 | E9: 10
A10: URGG-009 | B10: ADRENalina 1 mg/ml amp. | C10: 15 | E10: 15
A11: URGG-010 | B11: AGUA PARA INYECCION 20 ml amp | C11: 20 | E11: 20
A12: URGG-011 | B12: ALMAGATO 1,5 g sobre(ALMAX FORTE) | C12: 200 | E12: 200
A13: URGG-012 | B13: ALPRAZolam 0,5 mg comp(ALPRAZOLAM) | C13: 20 | E13: 20
... A258: URGG-257 | B258: ZOLMITRIPTAN FLAS 2,5 mg comp buc(ZOMIG) | C258: 50 | E258: 50

Sheet REPOSICION
A1: Código QR | B1: Medicamento / Artículo | C1: Pacto | D1: Stock contado | E1: Falta | F1: Estado | G1: Ubicación
A2: =INVENTARIO!A2 | B2: =INVENTARIO!B2 | C2: =INVENTARIO!C2 | D2: =IF(INVENTARIO!D2="","",INVENTARIO!D2) | E2: =IF(D2="","",MAX(0,C2-D2)) | F2: =IF(D2="","PENDIENTE",IF(D2<C2,"REPOSICIÓN","OK")) | G2: =INVENTARIO!F2
A3: =INVENTARIO!A3 | B3: =INVENTARIO!B3 | C3: =INVENTARIO!C3 | D3: =IF(INVENTARIO!D3="","",INVENTARIO!D3) | E3: =IF(D3="","",MAX(0,C3-D3)) | F3: =IF(D3="","PENDIENTE",IF(D3<C3,"REPOSICIÓN","OK")) | G3: =INVENTARIO!F3
A4: =INVENTARIO!A4 | B4: =INVENTARIO!B4 | C4: =INVENTARIO!C4 | D4: =IF(INVENTARIO!D4="","",INVENTARIO!D4) | E4: =IF(D4="","",MAX(0,C4-D4)) | F4: =IF(D4="","PENDIENTE",IF(D4<C4,"REPOSICIÓN","OK")) | G4: =INVENTARIO!F4
A5: =INVENTARIO!A5 | B5: =INVENTARIO!B5 | C5: =INVENTARIO!C5 | D5: =IF(INVENTARIO!D5="","",INVENTARIO!D5) | E5: =IF(D5="","",MAX(0,C5-D5)) | F5: =IF(D5="","PENDIENTE",IF(D5<C5,"REPOSICIÓN","OK")) | G5: =INVENTARIO!F5
A6: =INVENTARIO!A6 | B6: =INVENTARIO!B6 | C6: =INVENTARIO!C6 | D6: =IF(INVENTARIO!D6="","",INVENTARIO!D6) | E6: =IF(D6="","",MAX(0,C6-D6)) | F6: =IF(D6="","PENDIENTE",IF(D6<C6,"REPOSICIÓN","OK")) | G6: =INVENTARIO!F6
A7: =INVENTARIO!A7 | B7: =INVENTARIO!B7 | C7: =INVENTARIO!C7 | D7: =IF(INVENTARIO!D7="","",INVENTARIO!D7) | E7: =IF(D7="","",MAX(0,C7-D7)) | F7: =IF(D7="","PENDIENTE",IF(D7<C7,"REPOSICIÓN","OK")) | G7: =INVENTARIO!F7
A8: =INVENTARIO!A8 | B8: =INVENTARIO!B8 | C8: =INVENTARIO!C8 | D8: =IF(INVENTARIO!D8="","",INVENTARIO!D8) | E8: =IF(D8="","",MAX(0,C8-D8)) | F8: =IF(D8="","PENDIENTE",IF(D8<C8,"REPOSICIÓN","OK")) | G8: =INVENTARIO!F8
A9: =INVENTARIO!A9 | B9: =INVENTARIO!B9 | C9: =INVENTARIO!C9 | D9: =IF(INVENTARIO!D9="","",INVENTARIO!D9) | E9: =IF(D9="","",MAX(0,C9-D9)) | F9: =IF(D9="","PENDIENTE",IF(D9<C9,"REPOSICIÓN","OK")) | G9: =INVENTARIO!F9
A10: =INVENTARIO!A10 | B10: =INVENTARIO!B10 | C10: =INVENTARIO!C10 | D10: =IF(INVENTARIO!D10="","",INVENTARIO!D10) | E10: =IF(D10="","",MAX(0,C10-D10)) | F10: =IF(D10="","PENDIENTE",IF(D10<C10,"REPOSICIÓN","OK")) | G10: =INVENTARIO!F10
A11: =INVENTARIO!A11 | B11: =INVENTARIO!B11 | C11: =INVENTARIO!C11 | D11: =IF(INVENTARIO!D11="","",INVENTARIO!D11) | E11: =IF(D11="","",MAX(0,C11-D11)) | F11: =IF(D11="","PENDIENTE",IF(D11<C11,"REPOSICIÓN","OK")) | G11: =INVENTARIO!F11
A12: =INVENTARIO!A12 | B12: =INVENTARIO!B12 | C12: =INVENTARIO!C12 | D12: =IF(INVENTARIO!D12="","",INVENTARIO!D12) | E12: =IF(D12="","",MAX(0,C12-D12)) | F12: =IF(D12="","PENDIENTE",IF(D12<C12,"REPOSICIÓN","OK")) | G12: =INVENTARIO!F12
A13: =INVENTARIO!A13 | B13: =INVENTARIO!B13 | C13: =INVENTARIO!C13 | D13: =IF(INVENTARIO!D13="","",INVENTARIO!D13) | E13: =IF(D13="","",MAX(0,C13-D13)) | F13: =IF(D13="","PENDIENTE",IF(D13<C13,"REPOSICIÓN","OK")) | G13: =INVENTARIO!F13
... A258: =INVENTARIO!A258 | B258: =INVENTARIO!B258 | C258: =INVENTARIO!C258 | D258: =IF(INVENTARIO!D258="","",INVENTARIO!D258) | E258: =IF(D258="","",MAX(0,C258-D258)) | F258: =IF(D258="","PENDIENTE",IF(D258<C258,"REPOSICIÓN","OK")) | G258: =INVENTARIO!F258

Sheet INSTRUCCIONES
A1: SISTEMA URGG – INVENTARIO Y REPOSICIÓN MEDIANTE QR
A2: 1. Cada producto tiene un código único URGG-XXX.
A3: 2. El QR se utilizará para identificar rápidamente el producto durante el recuento.
A4: 3. En cada recuento se introduce el STOCK CONTADO.
A5: 4. La hoja REPOSICION calcula automáticamente la cantidad que falta respecto al PACTO.
A6: 5. Las columnas Pacto, ubicación y datos maestros deben validarse antes de poner el sistema en producción.
A7: 6. Esta versión es una BASE DE TRABAJO: el PDF no aporta ubicaciones concretas ni un histórico de consumos.
A8: 7. Para una aplicación real, el siguiente paso es conectar esta base a un formulario/app móvil y generar las etiquetas QR.
